{"type":"header","name":"Header group","sections":{"announcement-bar":{"type":"announcement-bar","settings":{"show_announcement":true,"announcement_head_text":"SALE IS ON","announcement_head_font_size":30,"announcement_head_font_weight":400,"announcement_head_text_color":"#ffffff","announcement_text":"<p> |        Up to 30% <a href=\"\/collections\/all\" target=\"_blank\" title=\"All products\">all product<\/a> code:<strong>SAVE30<\/strong><\/p>","announcement_font_size":14,"announcement_font_weight":400,"announcement_text_color":"#ffffff","announcement_bg_color":"#424242","padding_top":0,"padding_bottom":20}},"header":{"type":"header","settings":{"use_sticky_header":true,"logo":"shopify:\/\/shop_images\/Mezzo.png","menu":"pipeline","padding_top":0,"padding_bottom":20}}},"order":["announcement-bar","header"]}