{"sections":{"main":{"type":"main-skeleton","disabled":true,"settings":{}},"a7495b8e-6c07-4a51-abd8-92f10943e1a3":{"type":"image-overlay","settings":{"heading":"NEWS","image":"shopify:\/\/shop_images\/1234555.webp","heading_text":"HOW SUSTENIBILITY CAN SHAPE A DESIGN","heading_text_color":"#424242","paragraph_text":"<p>We believe that the clothes you wear are a reflection of who you are. We also believe that they can be a way to express your values and contribute to...<\/p>","paragraph_text_color":"#424242","button_text":"Read more","button_link":"shopify:\/\/blogs\/beauty-blog","padding_top":2,"padding_bottom":2}},"913fb4db-c60b-4b24-9eb9-9a387fd07675":{"type":"blog-section","settings":{"heading_text":"LATEST POSTS","heading_text_color":"#424242","blog":"best-offers","padding_top":0,"padding_bottom":0}}},"order":["main","a7495b8e-6c07-4a51-abd8-92f10943e1a3","913fb4db-c60b-4b24-9eb9-9a387fd07675"]}