{"sections":{"main":{"type":"main-skeleton","disabled":true,"settings":{}},"60675f1b-5db2-41ca-81bb-a8d4a964b2a6":{"type":"section-image-overlay-slide","blocks":{"6c20e47b-fc93-4adb-b05e-a5aa3d1f4fe0":{"type":"dinamic","settings":{"image_desktop":"shopify:\/\/shop_images\/t1_905c8276-a197-4067-b4cf-0f7382bbb09e.webp","heading_text":"Shop Our Best Sellings","heading_text_color":"#ffffff","heading_text_color_mobile":"#000000","paragraph_text":"","paragraph_text_color":"#ffffff","paragraph_text_color_mobile":"#000000","button_text":"Learn More","button_link":"shopify:\/\/collections","button_text_2":"","button_link_2":"","button_background_color":"#ffffff","button_text_color":"#000000","content_position":"middle-left","text_alignment":"text-left"}},"dbd64d54-196c-4138-9da0-56f514a3fcbc":{"type":"dinamic","settings":{"image_desktop":"shopify:\/\/shop_images\/A33.webp","heading_text":"Meet Your Match","heading_text_color":"#ffffff","heading_text_color_mobile":"#ffffff","paragraph_text":"","paragraph_text_color":"#ffffff","paragraph_text_color_mobile":"#ffffff","button_text":"View More","button_link":"shopify:\/\/collections\/all","button_text_2":"Learn More","button_link_2":"shopify:\/\/collections","button_background_color":"#ffffff","button_text_color":"#424242","content_position":"middle-left","text_alignment":"text-left"}}},"block_order":["6c20e47b-fc93-4adb-b05e-a5aa3d1f4fe0","dbd64d54-196c-4138-9da0-56f514a3fcbc"],"settings":{"padding_top":0,"padding_bottom":20}},"51ae2c48-5903-4778-b3a2-6a8292f5aa23":{"type":"featured-collection","settings":{"section_heading":"Best seller","collection_id":"cardigons","product_limit":7,"padding_top":0,"padding_bottom":20}},"017995b5-e90b-4efe-a315-d181c0f0c43a":{"type":"image-with-text","settings":{"image_desktop":"shopify:\/\/shop_images\/clothing-look-365.jpg","image_position":"row-reverse","heading_text":"PLANET POSITIVE","heading_font_size":30,"heading_font_weight":400,"heading_text_color":"#424242","paragraph_text":"<p>123 Curtain Rd<br\/>London, UK<\/p><p>Mon - Fri, 10am - 9pm<br\/>Weekends, 11am - 4pm<\/p>","paragraph_text_color":"#424242","button_text":"Find More","button_url":"shopify:\/\/collections","button_background_color":"#ffffff","button_text_color":"#424242","button_hover_color":"#ffffff","button_alignment":"text-center","background_color":"#ffffff","text_alignment":"center","padding_top":50,"padding_bottom":50}},"beac019e-d22f-4d65-9ba5-2af5bf5cffcb":{"type":"product-grid","settings":{"collection":"pairs-well-with","padding_top":37,"padding_bottom":40}},"5215feee-07d4-491a-9e16-8281455dd26f":{"type":"image-gallary","blocks":{"0e75bf6b-e2e9-4234-83de-eb56bc61fb7a":{"type":"image-item","settings":{"image_desktop":"shopify:\/\/shop_images\/clothing-look-77.jpg","image_url":"shopify:\/\/collections\/bottoms","heading_text":"New Arrivals"}},"3c3aca1e-232e-49ec-8ebb-7ab58b9ef0a9":{"type":"image-item","settings":{"image_desktop":"shopify:\/\/shop_images\/13.webp","image_url":"shopify:\/\/collections\/cashmeer-blends","heading_text":"Cashmeer Blends"}},"50ce791f-eb08-47f9-975d-aa542dfb1d08":{"type":"image-item","settings":{"image_desktop":"shopify:\/\/shop_images\/DEL-2_RYGG-SHIRT_TPU3525_PEWTER-FOIL_1_f8e411ab-d223-4532-afd9-62ecbc3cfac2.jpg","image_url":"shopify:\/\/collections\/cardigons","heading_text":"Black Wear"}}},"block_order":["0e75bf6b-e2e9-4234-83de-eb56bc61fb7a","3c3aca1e-232e-49ec-8ebb-7ab58b9ef0a9","50ce791f-eb08-47f9-975d-aa542dfb1d08"],"settings":{"section_heading":"Shop by Collection","padding_top":29,"padding_bottom":10}},"217cb297-bc32-46e6-ba69-5d4b3d07679e":{"type":"image-on-image","settings":{"section_background":"#ffffff","image_desktop1":"shopify:\/\/shop_images\/DEL-2_RYGG-SHIRT_TPU3525_PEWTER-FOIL_2_1f14d46a-ab83-4649-a96e-a38e134ac4c8.jpg","image_desktop2":"shopify:\/\/shop_images\/DEL-2_RYGG-SHIRT_TPU3525_PEWTER-FOIL_1_e7696d40-6be2-4d70-8e24-f882be2f51b4.jpg","image_position":"direction-row","heading_text":"About Us","review_start":"5","paragraph_text":"<p>When it comes to hosting your most ideal picnic, there are so many things to think about. From sauces to trays, we've got you covered<\/p>","button_text":"Read More","button_link":"shopify:\/\/pages\/shipping-detail","button_color":"#ffffff","button_color_text":"#000000","text_alignment":"text-left","padding_top":10,"padding_bottom":10}},"38331c9e-e2a0-42f4-be7e-165e42b46d2b":{"type":"collection-block","settings":{"section_heading":"Best seller","collection_id":"cashmeer-blends","product_limit":8,"padding_top":50,"padding_bottom":10}},"a0a181e3-bb6e-4eec-9371-612b746ade9a":{"type":"featured-collection","settings":{"section_heading":"Shop Bestone","collection_id":"cashmeer-blends","product_limit":5,"padding_top":0,"padding_bottom":0}},"c2f61294-4096-4479-bb58-7c002aad2a88":{"type":"collection-scroll-bar","blocks":{"a69a9350-ac2e-48c3-95ef-ef4a20dbe4bd":{"type":"image","settings":{"image_desktop":"shopify:\/\/shop_images\/200730BrochuW_0169x_b1c6b0a3-a6d4-43bc-82be-faf828aeaa0a.jpg"}},"8085e3bd-5e54-4774-8bf0-7eb0f01c6e13":{"type":"image","settings":{"image_desktop":"shopify:\/\/shop_images\/NYEotter.jpg"}},"9a558e89-5d0e-42f2-b301-8974fca351bc":{"type":"image","settings":{"image_desktop":"shopify:\/\/shop_images\/Luna-Cami_POL2709_Shell-Grey_1A.jpg"}}},"block_order":["a69a9350-ac2e-48c3-95ef-ef4a20dbe4bd","8085e3bd-5e54-4774-8bf0-7eb0f01c6e13","9a558e89-5d0e-42f2-b301-8974fca351bc"],"settings":{"show_richtext":true,"richtext_text":"<p>Devoted to providing premium organic cosmetics.<br\/>From the worlds most reknowned brands<\/p><p><strong>Shop:<\/strong><a href=\"\/blogs\/offer\/todays-offer\" target=\"_blank\" title=\"Todays Offer\"><strong>lipstick,lipgloss,Duos<\/strong><\/a><\/p>","richtext_font_size":16,"richtext_font_weight":400,"richtext_text_color":"#424242","richtext_bg_color":"#ffffff","padding_top":10,"padding_bottom":10}},"fa16fba8-0a9d-4e11-b449-aabb588ebae3":{"type":"quick-links","blocks":{"81348014-1947-4ef6-a637-430cf45fa18a":{"type":"text","settings":{"button_text":"New Arrivals","button_link":"shopify:\/\/collections","button_color":"#f7f5f4","button_color_text":"#424242"}},"361c26cb-8d3b-4d26-b39e-922897553e08":{"type":"text","settings":{"button_text":"Cardigons","button_link":"shopify:\/\/collections\/cardigons","button_color":"#f7f5f4","button_color_text":"#424242"}},"0a924d3a-9ee8-4c35-9d49-b277379c06eb":{"type":"text","settings":{"button_text":"Cali Prep","button_link":"shopify:\/\/collections\/cali-prep","button_color":"#f7f5f4","button_color_text":"#424242"}},"623eb4f6-560a-41b3-b15b-e433e710b6b8":{"type":"text","settings":{"button_text":"Cashmeer Blends","button_link":"shopify:\/\/collections\/cashmeer-blends","button_color":"#f7f5f4","button_color_text":"#424242"}}},"block_order":["81348014-1947-4ef6-a637-430cf45fa18a","361c26cb-8d3b-4d26-b39e-922897553e08","0a924d3a-9ee8-4c35-9d49-b277379c06eb","623eb4f6-560a-41b3-b15b-e433e710b6b8"],"settings":{"padding_top":40,"padding_bottom":40}},"26b23a0a-603a-481c-94a4-00d983473517":{"type":"article-section","settings":{"heading_text":"Costume Blogs","heading_text_color":"#ffffff","article_limit":2,"blog":"mezzo","padding_top":10,"padding_bottom":10}},"26c3f9b4-14c1-48f5-b621-504009739536":{"type":"newsletter","settings":{"section_background":"#f7f5f4","news_letter_heading":"Subscribe to our newsletter","heading_color":"#424242","news_letter_paragraph":"<p>Sign up for our newsletter to recieve news, promotions, and annoucements.<\/p>","paragraph_color":"#424242","button_color":"#424242","button_bg_color":"#ffffff","padding_top":10,"padding_bottom":10}},"69cca927-1371-4889-8ef9-627bf55c3b6b":{"type":"task","disabled":true,"blocks":{"0d5550e3-a7f4-4e28-a434-1c123e6bbfaa":{"type":"text-blocks","settings":{"text_content":"<p>eevjnmxcwk;lsd, owsdml;owrscm e;fklmad wpf;ksd,wpefk,<\/p>"}},"e99249fb-818a-4d1a-ba2a-c2bccb47e11b":{"type":"text-blocks","settings":{"text_content":"<p>eevjnmxcwk;lsd, owsdml;owrscm e;fklmad wpf;ksd,wpefk,<\/p>"}},"a2738ce5-fa9a-48c3-984e-0637b85b514b":{"type":"text-blocks","settings":{"text_content":"<p>eevjnmxcwk;lsd, owsdml;owrscm e;fklmad wpf;ksd,wpefk,<\/p>"}},"9798757f-e993-4dd4-a804-9516d19856c3":{"type":"product-blocks","settings":{"product":"bold-black"}},"03a3ce85-4d7d-435f-a279-2f099088fc4a":{"type":"product-blocks","settings":{"product":"bold-black"}}},"block_order":["0d5550e3-a7f4-4e28-a434-1c123e6bbfaa","e99249fb-818a-4d1a-ba2a-c2bccb47e11b","a2738ce5-fa9a-48c3-984e-0637b85b514b","9798757f-e993-4dd4-a804-9516d19856c3","03a3ce85-4d7d-435f-a279-2f099088fc4a"],"settings":{"title":"Featured product"}}},"order":["main","60675f1b-5db2-41ca-81bb-a8d4a964b2a6","51ae2c48-5903-4778-b3a2-6a8292f5aa23","017995b5-e90b-4efe-a315-d181c0f0c43a","beac019e-d22f-4d65-9ba5-2af5bf5cffcb","5215feee-07d4-491a-9e16-8281455dd26f","217cb297-bc32-46e6-ba69-5d4b3d07679e","38331c9e-e2a0-42f4-be7e-165e42b46d2b","a0a181e3-bb6e-4eec-9371-612b746ade9a","c2f61294-4096-4479-bb58-7c002aad2a88","fa16fba8-0a9d-4e11-b449-aabb588ebae3","26b23a0a-603a-481c-94a4-00d983473517","26c3f9b4-14c1-48f5-b621-504009739536","69cca927-1371-4889-8ef9-627bf55c3b6b"]}