{"sections":{"main":{"type":"main-skeleton","disabled":true,"settings":{}},"c8fc365c-0599-49cd-9954-b95051d8b2af":{"type":"image-banner","settings":{"image_desktop":"shopify:\/\/shop_images\/t1.webp","image_mobile":"shopify:\/\/shop_images\/t1.webp","heading_text":"CONTACT US","heading_text_color":"#ffffff","paragraph_text":"","paragraph_text_color":"#121212","button1_text":"View","button1_link":"shopify:\/\/collections","button2_text":"Buy Now","button2_link":"shopify:\/\/collections","content_position":"middle-center","text_align":"center","padding_top":0,"padding_bottom":0}},"c7aea1d6-3b94-4e90-a274-8e0d0905acb4":{"type":"usp-section","blocks":{"08c402a7-be04-4aa2-b89a-c8e7ee7fd68e":{"type":"usb-section","settings":{"usb_logo":"<svg aria-hidden=\"true\" focusable=\"false\" role=\"presentation\" class=\"icon icon-basket-return\" viewbox=\"0 0 24 24\"><g stroke=\"#737373\" fill=\"none\" stroke-width=\"1.5\" stroke-linecap=\"round\" stroke-linejoin=\"round\"><path d=\"M15 18.75h-3.75v3.75m11.417-3.017a5.572 5.572 0 0 1-10.74-.733m7.573-3h3.75V12m-11.417 3.017a5.572 5.572 0 0 1 10.74.733\"><\/path><path d=\"M7.875 17.25H4.314a1.441 1.441 0 0 1-1.383-1.136l-2.138-9A1.484 1.484 0 0 1 2.176 5.25h18.148a1.484 1.484 0 0 1 1.383 1.864l-.3 1.256M3.75 5.25l4.5-4.5m10.5 4.5L14.25.752\"><\/path><\/g><\/svg>","heading_text":"FREE RETURNS","paragraph_text":"<p>Returns within 30 days receive a full refund.<\/p>"}},"0680d19b-2a79-4a5b-b5a2-ba254f6baf57":{"type":"usb-section","settings":{"usb_logo":"<svg aria-hidden=\"true\" focusable=\"false\" role=\"presentation\" class=\"icon icon-shipment-world\" viewbox=\"0 0 24 24\"><g stroke=\"#737373\" fill=\"none\" stroke-width=\"1.5\" stroke-linecap=\"round\" stroke-linejoin=\"round\"><path d=\"M7.538 21.75H6.75a1.5 1.5 0 0 1-1.5-1.5v-6a1.5 1.5 0 0 1 1.5-1.5h9a1.5 1.5 0 0 1 1.5 1.5v5.288m0-5.288h3a3 3 0 0 1 3 3v3a1.5 1.5 0 0 1-1.5 1.5h-2.288\"><\/path><path d=\"M17.625 19.5a1.874 1.874 0 1 1 .001 3.749 1.874 1.874 0 0 1-.001-3.749zm-8.25 0a1.874 1.874 0 1 1 .001 3.749 1.874 1.874 0 0 1-.001-3.749zm6.413 2.25h-4.576m12.038-4.5h-3M1.757 13.891A9 9 0 1 1 18.75 9.749M9.75.75a11.853 11.853 0 0 0-3.75 9m3.75-9a11.853 11.853 0 0 1 3.75 9m-12.237-3h16.971\"><\/path><\/g><\/svg>","heading_text":"WORLDWIDE SHIPPING","paragraph_text":"<p>Ship anywhere, rates available at checkout.<\/p>"}},"1c725058-e06a-492e-8c87-59fee34d5dc9":{"type":"usb-section","settings":{"usb_logo":"<svg aria-hidden=\"true\" focusable=\"false\" role=\"presentation\" class=\"icon icon-phone\" viewbox=\"0 0 24 24\"><g stroke=\"#737373\" fill=\"none\" stroke-width=\"1.5\" stroke-linecap=\"round\" stroke-linejoin=\"round\"><path d=\"M4.285 2.24h-.011A4.5 4.5 0 0 0 .75 6.635v.89a1.5 1.5 0 0 0 1.5 1.5H6a1.5 1.5 0 0 0 1.5-1.5 1.5 1.5 0 0 1 1.5-1.5h6a1.5 1.5 0 0 1 1.5 1.5 1.5 1.5 0 0 0 1.5 1.5h3.75a1.5 1.5 0 0 0 1.5-1.5v-.89a4.5 4.5 0 0 0-3.524-4.393h-.011a40.594 40.594 0 0 0-15.43-.002zm-.535 9.785v6a4.5 4.5 0 0 0 4.5 4.5h7.5a4.5 4.5 0 0 0 4.5-4.5v-6m-12.375 1.5\"><\/path><path d=\"M7.875 13.525a.375.375 0 1 0 .375.375.375.375 0 0 0-.375-.375m4.125 0a.375.375 0 1 0 .375.375.375.375 0 0 0-.375-.375m4.125 0a.375.375 0 1 0 .375.375.375.375 0 0 0-.375-.375m-8.25 3.75a.375.375 0 1 0 0 .75.375.375 0 0 0 0-.75m4.125 0a.375.375 0 1 0 0 .75.375.375 0 0 0 0-.75m4.125 0a.375.375 0 1 0 0 .75.375.375 0 0 0 0-.75\"><\/path><\/g><\/svg>","heading_text":"24\/7 SUPPORT","paragraph_text":"<p>Call us anytime at 1(800) 555-1234<\/p>"}}},"block_order":["08c402a7-be04-4aa2-b89a-c8e7ee7fd68e","0680d19b-2a79-4a5b-b5a2-ba254f6baf57","1c725058-e06a-492e-8c87-59fee34d5dc9"],"settings":{"section_background":"#f7f5f4","padding_top":0,"padding_bottom":0}},"c4b82336-c0b9-497f-a707-32c430a296ac":{"type":"contact-us","settings":{"caption_text":"Get in Touch","heading_text":"REACH OUT TO OUR TEAM","padding_top":36,"padding_bottom":36}},"cba5bde4-bdd6-4e66-b79f-14c04f35dde6":{"type":"image-with-text","settings":{"image_desktop":"shopify:\/\/shop_images\/aaaaaaaaaaaaaaa.webp","image_mobile":"shopify:\/\/shop_images\/aaaaaaaaaaaaaaa.webp","image_position":"row-reverse","heading_text":"FLAGSHIP","heading_font_size":16,"heading_font_weight":400,"heading_text_color":"#121212","paragraph_text":"<p>123 Curtain Rd<br\/>London, UK<\/p><p>Mon - Fri, 10am - 9pm<br\/>Weekends, 11am - 4pm<\/p>","paragraph_text_color":"#121212","button_text":"Click Me Away","button_url":"","button_background_color":"","button_text_color":"","button_hover_color":"","button_alignment":"text-left","background_color":"","text_alignment":"center","padding_top":20,"padding_bottom":20}}},"order":["main","c8fc365c-0599-49cd-9954-b95051d8b2af","c7aea1d6-3b94-4e90-a274-8e0d0905acb4","c4b82336-c0b9-497f-a707-32c430a296ac","cba5bde4-bdd6-4e66-b79f-14c04f35dde6"]}