{"sections":{"main":{"type":"main-product","blocks":{"b9b9ac34-c60f-42cc-8806-c4218b0dcd21":{"type":"title","settings":{}},"c51da1e1-d1e7-4be6-84dc-c6dce89c06be":{"type":"product_options","settings":{}},"cd7ff0ba-5fe9-4b7a-adf0-c0ab13a833aa":{"type":"product_colors","settings":{}},"cdac2068-e54e-4c19-a692-a3a52ba4d2eb":{"type":"product_form","settings":{"show_dynamic_button":true,"show_instock":true,"instock_qty_limit":"4"}},"041442de-3ac2-4264-b95a-222e51247262":{"type":"text","settings":{"text":"{{ product.metafields.custom.pipeline_icon_text.value }}"}},"df9c3338-417a-4479-b66c-c0abeb3da095":{"type":"text","settings":{"text":"{{ product.metafields.custom.pipeline_icon_text2.value }}"}},"ecec03aa-8c14-4752-91ab-94a5d3fd52cd":{"type":"text","settings":{"text":"{{ product.metafields.custom.pipline_icon_text3.value }}"}},"928291fd-c2f7-4137-b544-4615c74100f1":{"type":"collapsible_tab","settings":{"heading":"Description","content":"","page":""}},"c560e51c-f2d2-4462-a4a7-293382fd659e":{"type":"collapsible_tab","settings":{"heading":"Care","content":"{{ product.metafields.custom.pipeline_care | metafield_tag }}","page":""}},"9cbebdcf-25bc-4b14-b39f-5801ceb873a7":{"type":"collapsible_tab","settings":{"heading":"Shipping+Deatails","content":"","page":"shipping-detail"}},"cde1c57e-8de6-441a-a6b9-f837dea8cad6":{"type":"text","settings":{"text":"{{ product.metafields.custom.pipeline_store_data.value }}"}},"221f975d-2abf-4e7a-8178-a536256be3b1":{"type":"upsell","settings":{"upsell_heading":"Buy it with"}},"176d938f-e5a7-4e8e-bd35-787ed0617f4a":{"type":"bundled-product","disabled":true,"settings":{"bundel_heading":"Buy"}}},"block_order":["b9b9ac34-c60f-42cc-8806-c4218b0dcd21","c51da1e1-d1e7-4be6-84dc-c6dce89c06be","cd7ff0ba-5fe9-4b7a-adf0-c0ab13a833aa","cdac2068-e54e-4c19-a692-a3a52ba4d2eb","041442de-3ac2-4264-b95a-222e51247262","df9c3338-417a-4479-b66c-c0abeb3da095","ecec03aa-8c14-4752-91ab-94a5d3fd52cd","928291fd-c2f7-4137-b544-4615c74100f1","c560e51c-f2d2-4462-a4a7-293382fd659e","9cbebdcf-25bc-4b14-b39f-5801ceb873a7","cde1c57e-8de6-441a-a6b9-f837dea8cad6","221f975d-2abf-4e7a-8178-a536256be3b1","176d938f-e5a7-4e8e-bd35-787ed0617f4a"],"settings":{"padding_top":40,"padding_bottom":0}},"bcffb5d3-3be5-4f45-889c-32452fb47b9e":{"type":"usp-section","blocks":{"eb00fb57-dfc0-438e-91a7-76ca6486f049":{"type":"usb-section","settings":{"usb_logo":"<svg aria-hidden=\"true\" focusable=\"false\" role=\"presentation\" class=\"icon icon-sewing-machine\" viewbox=\"0 0 25 25\"><g transform=\"translate(1 1)\" stroke=\"#000\" stroke-width=\"1.5\" fill=\"none\" fill-rule=\"evenodd\" stroke-linecap=\"round\" stroke-linejoin=\"round\"><path d=\"M3 0a1.5 1.5 0 0 0-1.5 1.5v6A1.5 1.5 0 0 0 3 9h5.25l2.25-1.5H12a3 3 0 0 1 3 3V15a3 3 0 0 1-3 3H2.25a2.25 2.25 0 1 0 0 4.5H19.5a3 3 0 0 0 3-3V3a3 3 0 0 0-3-3H3zm3 9v6m0-1.5h2.25\"><\/path><circle cx=\"18\" cy=\"4.5\" r=\"1.5\"><\/circle><path d=\"M6 0v6\"><\/path><\/g><\/svg>","heading_text":"RESPONSIBILITY MADE","paragraph_text":""}},"04206e08-be31-41e8-b479-0caf2a8e3934":{"type":"usb-section","settings":{"usb_logo":"<svg aria-hidden=\"true\" focusable=\"false\" role=\"presentation\" class=\"icon icon-recycled\" viewbox=\"0 0 25 25\"><g stroke=\"#000\" stroke-width=\"1.5\" fill=\"none\" fill-rule=\"evenodd\" stroke-linecap=\"round\" stroke-linejoin=\"round\"><path d=\"m18.952 10.185-3.8-6.682a3 3 0 0 0-5.2 0l-1.058 1.83m3.656 15.752h7.558a3 3 0 0 0 2.6-4.5l-1.3-2.25M6.202 9.833l-3.8 6.75a3 3 0 0 0 2.6 4.5h3.052\"><\/path><path d=\"m15.55 18.083-3 3 3 3m4.5-18-1.098 4.098-4.098-1.098m-12.75 1.848 4.098-1.098L7.3 13.931\"><\/path><\/g><\/svg>","heading_text":"RENEWEAD MATERIAL","paragraph_text":""}},"9534d9a3-140c-4055-86ab-eb845ff0e567":{"type":"usb-section","settings":{"usb_logo":"<svg aria-hidden=\"true\" focusable=\"false\" role=\"presentation\" class=\"icon icon-thread\" viewbox=\"0 0 25 25\"><g stroke=\"#000\" stroke-width=\"1.5\" fill=\"none\" fill-rule=\"evenodd\" stroke-linecap=\"round\" stroke-linejoin=\"round\"><path d=\"M4 1.5h13.5V24H4z\"><\/path><path d=\"M4 6h13.5v13.5H4z\"><\/path><path d=\"M4 10.5h13.5V15H4zm-3-9h19.5M1 24h19.5m-3-3h1.478a4.523 4.523 0 0 0 4.522-4.522v-1.019c0-1.238-.563-2.41-1.53-3.183a4.077 4.077 0 0 1-1.32-4.473l.6-1.8\"><\/path><\/g><\/svg>","heading_text":"DESIGN TO LAST","paragraph_text":""}}},"block_order":["eb00fb57-dfc0-438e-91a7-76ca6486f049","04206e08-be31-41e8-b479-0caf2a8e3934","9534d9a3-140c-4055-86ab-eb845ff0e567"],"settings":{"section_background":"#ffffff","padding_top":0,"padding_bottom":0}},"5cc0f9cf-eade-421a-8550-41aeccd6ce02":{"type":"image-with-text","settings":{"image_desktop":"shopify:\/\/shop_images\/201110_BrochuWalker_58777.jpg","image_position":"row-reverse","heading_text":"","heading_font_size":16,"heading_font_weight":400,"heading_text_color":"","paragraph_text":"<p><strong>WEAR FOREVER<\/strong><\/p><h2>THE SUSTAINABLE CHOICE<\/h2><p>Wardrobe staples created with all-natural and luxurious fabrics. To wear every day, for any occasion. Created with integrity, keeping the planet in mind. Pieces to wear and love forever.<\/p><h2><\/h2>","paragraph_text_color":"#424242","button_text":"Click Me Away","button_url":"","button_background_color":"","button_text_color":"","button_hover_color":"","button_alignment":"text-left","background_color":"#f7f5f4","text_alignment":"left","padding_top":0,"padding_bottom":0}},"9b62695f-5f98-4947-96bd-7b109c8f3de3":{"type":"task","disabled":true,"blocks":{"3b2e04a6-e34e-442f-b483-f79232ce862b":{"type":"text-blocks","settings":{"text_content":"<p>The<em>background<\/em>-<em>color<\/em>property sets the<em>background color<\/em>of an element. The background of an element is the total size of the element, including padding and ...<\/p>"}},"cd1f0e4f-8923-48b0-ac8f-4b0620c237ec":{"type":"text-blocks","settings":{"text_content":"<p>The<em>background<\/em>-<em>color<\/em>property sets the<em>background color<\/em>of an element. The background of an element is the total size of the element, including padding and ...<\/p>"}},"6a44de67-7a05-47af-a4c1-0314a84122c4":{"type":"text-blocks","settings":{"text_content":"<p>The<em>background<\/em>-<em>color<\/em>property sets the<em>background color<\/em>of an element. The background of an element is the total size of the element, including padding and ...<\/p>"}},"0a2aa3f5-0f27-43e7-957a-3610081b15dd":{"type":"text-blocks","settings":{"text_content":"<p>The<em>background<\/em>-<em>color<\/em>property sets the<em>background color<\/em>of an element. The background of an element is the total size of the element, including padding and ...<\/p>"}},"34806599-ab5f-4835-8ce9-8be708528df1":{"type":"product-blocks","settings":{"product":"antique-velvet-lip-duo"}},"c0825824-4fc3-43cc-88cf-b9fb2330fadc":{"type":"product-blocks","settings":{"product":"antique-velvet-lip-duo"}}},"block_order":["3b2e04a6-e34e-442f-b483-f79232ce862b","cd1f0e4f-8923-48b0-ac8f-4b0620c237ec","6a44de67-7a05-47af-a4c1-0314a84122c4","0a2aa3f5-0f27-43e7-957a-3610081b15dd","34806599-ab5f-4835-8ce9-8be708528df1","c0825824-4fc3-43cc-88cf-b9fb2330fadc"],"settings":{"title":"Featured Products"}}},"order":["main","bcffb5d3-3be5-4f45-889c-32452fb47b9e","5cc0f9cf-eade-421a-8550-41aeccd6ce02","9b62695f-5f98-4947-96bd-7b109c8f3de3"]}