{"current":{"body_text_color":"#424242","heading_text_color":"#424242","button_text_color":"#ffffff","button_background_color":"#424242","border_colors":"#424242","type_header_font":"tenor_sans_n4","heading_scale":100,"type_body_font":"harmonia_sans_n4","body_scale":100,"page_width":1440,"spacing_grid_horizontal":24,"spacing_grid_vertical":24,"social_twitter_link":"","social_facebook_link":"","social_pinterest_link":"","social_instagram_link":"","social_tiktok_link":"","social_tumblr_link":"","social_snapchat_link":"","social_youtube_link":"","social_vimeo_link":"","sections":{"cart-drawer":{"type":"cart-drawer","blocks":{"6374a9b1-576d-44d0-8346-d433f13b803a":{"type":"cart-image","settings":{"image":"shopify:\/\/shop_images\/JER3657P_ALWST_5_JS_0091.jpg","image_heading":"White Bold","image_link":"shopify:\/\/products\/off-shoulder-mini-dress"}},"52d93dc4-4c53-4e17-8c98-6aa54471788e":{"type":"cart-image","settings":{"image":"shopify:\/\/shop_images\/DEL-2_RYGG-SHIRT_TPU3525_PEWTER-FOIL_5_8af99bea-6fa5-4770-9748-5a9658b776b6.jpg","image_heading":"Black bold","image_link":"shopify:\/\/products\/t-shirts"}},"b626bbdc-bc4b-4b71-ba1b-8b15e5bae137":{"type":"cart-image","settings":{"image":"shopify:\/\/shop_images\/JCP3622_HavanaDress_WashedSlate_1.jpg","image_heading":"Jeaans Blue","image_link":"shopify:\/\/products\/suits"}},"28bb69e3-33a0-4b9c-b178-d5565d36218c":{"type":"cart-image","settings":{"image":"shopify:\/\/shop_images\/SU_Francie-Dress_CRM3619_Vermillion_2.jpg","image_heading":"Red Rule","image_link":"shopify:\/\/products\/sleeveless-jacqaurd-sheath-dress"}}},"block_order":["6374a9b1-576d-44d0-8346-d433f13b803a","52d93dc4-4c53-4e17-8c98-6aa54471788e","b626bbdc-bc4b-4b71-ba1b-8b15e5bae137","28bb69e3-33a0-4b9c-b178-d5565d36218c"],"settings":{"shipping_money":4000,"message1":"<p>You are <strong>$<\/strong> away from <strong>free shipping<\/strong>!!<\/p>","message2":"<p><strong>Congrats<\/strong>!! You got free shipping<\/p>"}},"footer":{"type":"footer","blocks":{"be7a7453-35f6-4d87-b9d9-842043abe8eb":{"type":"navigation","settings":{"linklist":"main-menu"}},"7571277c-5661-4a84-a5f6-8c20f1504de7":{"type":"navigation","settings":{"linklist":"footer"}},"e263a365-cba1-4d8b-b783-bd811b8cbaa6":{"type":"newsletter","settings":{"heading":"","text":""}}},"block_order":["be7a7453-35f6-4d87-b9d9-842043abe8eb","7571277c-5661-4a84-a5f6-8c20f1504de7","e263a365-cba1-4d8b-b783-bd811b8cbaa6"],"settings":{"copyright":"Copyright © 2023 Pipeline - Exodus.  Ecommerce Software By Shopify","padding_top":30,"padding_bottom":10}}},"content_for_index":[],"blocks":{"6892056713484685256":{"type":"shopify:\/\/apps\/otpless-whatsapp-login\/blocks\/app-embed\/162dde26-f1cf-4a86-b869-e45e8c58e28e","disabled":true,"settings":{}},"8776485610325655785":{"type":"shopify:\/\/apps\/hiko-social-login\/blocks\/hiko-auth\/3832d7e1-5bcd-4b72-91da-236b57feef8f","disabled":true,"settings":{"social_font":"enable"}},"14070305384974036441":{"type":"shopify:\/\/apps\/quick-social-login\/blocks\/app-embed\/835209bc-8680-493e-b34a-6dd763a16101","disabled":false,"settings":{}}}},"presets":{"Default":{"type_header_font":"din_next_n5","heading_scale":100,"type_body_font":"open_sans_n4","body_scale":100,"page_width":1440,"spacing_grid_horizontal":15,"spacing_grid_vertical":15,"social_twitter_link":"","social_facebook_link":"","social_pinterest_link":"","social_instagram_link":"","social_tiktok_link":"","social_tumblr_link":"","social_snapchat_link":"","social_youtube_link":"","social_vimeo_link":""}}}